,eng,gt,gtdnetcnn
0,»,-,-
1,250 TRAVELS OF,250 TRAVELS OF,250 TRAVELS OF
2,Corycium™* vidiffe fenem: cui pauca relifii,Corycium * vidisse senem : cui pauca relicli,Corycium * vidiffe senem : cui pauca relifli
3,"Fugera ruris erant ; nec fertilis illajuvencis,","Jugera ruris erant ; nec fertilis illa juvencis,","Jugera ruris erant ; nec fertilis illa juvencis,"
4,"Nec pecori opportuna feges, nec commoda Bacche,","Nec pecori opportuna seges, nec commoda Baccho,","Nec pecori opportuna feges, nec commoda Baccho,"
5,"Hic rarum tamen in dumis olus, albaque circum","Hic rarum tamen in dumis olus, albaque circum","Hic rarum tamen in dumis olus, albaque circum"
6,"Liha, verbenafque premens, vefcumque papaver,","Lilia, verbenasque premens, vescumque papaver,","Lilia, verbenasque premens, vefcumque papaver,"
7,Regum aquabat opes animis ; feraque revertens,Regum aequabat opes animis ; seraque revertens,Regum aquabat opes animis ; seraque revertens
8,"Noéte domum, dapibus menfas onerabat inemptis.","Nocte domum, dapibus mensas onerabat inemptis.","Nocte domum, dapibus mensas onerabat inemptis."
9,Primus vere rofam atque auumno carpere poma 3,Primus vere rosam atque auctumno carpere poma ;,Primus vere rofam atque auchumno carpere poma ;
10,Et quum triftis hiems etiamnum frigore faxa,Et quum tristis hiems etiamnum frigore saxa,Et quum triftis hiems etiamnum frigore faxa
11,"Rumperet, et glacie curfus frenaret aquarum,","Rumperet, et glacie cursus frenaret aquarum,","Rumperet, et glacie cursus frenaret aquarum,"
12,"Ile comam mollis jam tondebat hyacintbi,","Ille comam mollis jam tondebat hyacinthi, ","lle comam mollis jam tondebat hyacinth, i"
13,Fflatem increpitans feram Zephyrofque morantes.,"AEstatem increpitans seram Zephyrosque morantes,","AEftatem increpitans feram Zephyrosque morantes,"
14,Ergo apibus foetis idem atque examine multo,Ergo apibus faetis idem atque examine multo,Evgo apibus fotis idem atque examine multo
15,"Primus abundare, et [pumantia cogere preffis","Primus abundare, et spumantia cogere pressis","Primus abundare, et fpumantia cogere presfis"
16,Mella favis; illi tilie atque uberrima pinus;,Mella favis; illi tiliae atque uberrima pinus;,Mella favis; illi tilia atque uberrima pinus;
17,Quotque in flore novo pomis fe fertilis arbos,Luotque in flore novo pomis se fertilis arbos,Quotque in flore novo pomis fe Jertilis arbos
18,"Induerat, totidem auffumno matura tenebat.","Induerat, totidem auctumno matura tenebat.","Induerat, totidem auftumno matura tenebat.,"
19,"Hle etiam feras in verfum diftulit ulmos,","Ille etiam seras in versum distulit ulmos,","Wie etiam feras in versum diftulit ulmos,"
20,"Eduramque pirum, et fpinos jam pruna ferentes,","Eduramque pirum, et spinos jam pruna ferentes,","Eduramque pirum, et spinos jam pruna ferentes,"
21,", Famque minifirantem platanum potantibus umbras.",Jamque ministrantem platanum potantibus umbras.,; Jamque miniftrantem platanum potantibus umbras.
22,Vine. Georg. iv. 124«,Virg. Georg. IV. 125.,Vir. Georg. iv. 125.
23,"For where, with ftately tow’rs, Tarentum ftands,","For where, with stately tow’rs, Tarentum stands,","For where, with stately tow’rs, Tarentum stands,"
24,"And deep Galefus foaks the yellow fands,","And deep Galesus soaks the yellow sands,","And deep Galesus soaks the yellow sands,"
25,I chane’d an old Corycian fwain to know,I chanc’d an old Corycian swain to know,I chanc’d an old Corycian swain to know
26,"Lord of few acres, and thofe barren too:","Lord of few acres, and those barren too:","Lord of few acres, and those barren too:"
27,"Unfit for fheep, or vines, and more unfit to, fow :","Unfit for sheep, or vines, and more unfit to sow :","Unsit for sheep, or vines, and more unsit to sow :"
28,"Yet lab’ring well his little fpot of ground,","Yet lab’ring well his little spot of ground,","Yet lab’ring well his little spot of ground,"
29,Some feattering potherbs here and there he found ;,Some scattering potherbs here and there he found :,Some scattering potherbs here and there he found :
30,"Ocbalia, after an ancient King of Sparta, Oebalus, the","Oebalia, after an ancient King of Sparta, Oebalus, the","Oebalia, after an ancient King of Sparta, Ocbalus, the"
31,father of Tyndarus. ;,father of Tyndarus.,father of Tyndarus.
32,"* Corycus, a promontory of Cilicia. Pompey granted","* Corycus, a promontory of Cilicia. Pompey granted","* Corycus, a promontory of Cilicia. Pompey granted"
33,"lands in Italy, on this coaft, to the conquered pirates of","lands in Italy, on this coast, to the conquered pirates of","lands in Italy, on this coast, to the conquered pirates of"
34,Afia Minor. See the remarks of Vofs.,Asia Minor. See the remarks of Vose.,Asia Minor. See the remarks of Vose.
35,"6 Which,","6 Which,","6 Which,"
36,94 TRAVELS OF,94 TRAVELS OF,04 TRAVELS OF
37,"they are more remarkable than thofe of Rome,","they are more remarkable than those of Rome,","they are more remarkable than those of Rome,"
38,notwith{tanding that they are not fo great in,notwithstanding that they are not so great in,notwithstanding that they are not so great in
39,their circumference. ‘The enigma concerning,their circumference. The enigma concerning,their circumference. The enigma concerning
40,thefe catacombs would not have been equally,these catacombs would not have been equally,these catacombs would not have been equally
41,"difficult, had thofe who made the inquiry","difficult, had those who made the inquiry","difficult, had those who made the inquiry"
42,been pleafed to prefer the probable to the mira,been pleased to prefer the probable to the mira-,been pleased to prefer the probable to the mira-
43,culous: ‘or reafonable conjeGture to abfurd,culous: or reasonable conjecture to absurd,culous: or reasonable conjecture to absurd
44,hypothefis.,hypothesis.,hypothesis.
45,One fable clings to-another; like the bats,One fable clings to another; like the bats,One fable clings to another; like the bats
46,"of Homer, that, in long rows, hang one by the","of Homer, that, in long rows, hang one by the","of Homer, that, in long rows, hang one by the"
47,"other from the rocks, and, as foon as one quits","other from the rocks, and, as soon as one quits","other from the rocks, and, as soon as one quits"
48,"his hold, the reft all fly, hiffimg, into their","his hold, the rest all fly, hissing, into their","his hold, the rest all fly, hissing, into their"
49,holes.,holes.,holes.
50,A mifconception of a paflage of this great,A misconception of a passage of this great,A misconception of a passage of this great
51,"poet, and the paflage which perhaps would","poet, and the passage which perhaps would","poet, and the passage which perhaps would"
52,"leaft lead to mifconception, gave rife to the","least lead to misconception, gave rise to the","least lead to misconception, gave rise to the"
53,fable of the caverns inhabited by the Cimmerii.,fable of the caverns inhabited by the Cimmerii.,fable of the caverns inhabited by the Cimmerii.
54,"Homer tells us that the empire of Death, and","Homer tells us that the empire of Death, and","Homer tells us that the empire of Death, and"
55,"the cells of the Cimmerii, were at the utmoft","the cells of the Cimmerii, were at the utmost","the cells of the Cimmerii, were at the utmost"
56,bounds of the deep ftreaming ocean.,bounds of the deep streaming ocean.,bounds of the deep streaniing ocean.
57,COUNT STOLBERG. 241,COUNT STOLBERG. 241,COUNT STOLBERG. 241
58,"funds, This is the only place in the Medi-",stands. This is the only place in the Medi-,stands. This is the only place in the Medi-
59,"terranean fea where regularly, and indubita-","terranean sea where regularly, and indubita-","terranean sea where regularly, and indubita-"
60,"bly, every fix hours, the tide is obferved to","bly, every six hours, the tide is observed to","bly, every six hours, the tide is observed to"
61,ébb and flow *. The Mare Piccolo lies to the,ebb and flow *. The Mare Piccolo lies to the,ebb and flow *. The Mare Piccolo lies to the
62,aft and the north of the town; and the bay,east and the north of the town; and the bay,east and the north of the town; and the bay
63,of Taranto to the weft and the fouth. The,of Taranto to the west and the south. The,of Taranto to the west and the south. The
64,ancient town extended far toward the fouth ;,ancient town extended far toward the south ;,ancient town extended far toward the south ;
65,"and the whole Mare Piccolo, which is more","and the whole Mare Piccolo, which is more","and the whole Mare Piccolo, which is more"
66,"than two German miles in circumference,","than two German miles in circumference,","than two German miles in circumference,"
67,ferved it as a haven.,served it as a haven.,served it as a haven.
68,"The Archbifhop of Taranto, a Neigolitin","The Archbishop of Taranto, a Neapolitan","The Archbishop of Taranto, a Neapolitin"
69,"of the noble family of Capece-Latro, had the","of the noble family of Capece-Latro, had the","of the noble family of Capece-Latro, had the"
70,"kindnefs to invite us.on the 8th, the morn-","kindness to invite us on the 8th, the morn-","kindness to invite us on the 8th, the morn-"
71,"ing of the day after our arrival, to his palaces","ing of the day after our arrival, to his palace.","ing of the day after our arrival, to his palaces"
72,"* In the time of Ferdinand the Firft, of Arragon,","* In the time of Ferdinand the Fitst, of Arragon,","* In the time of Ferdinand the Fith, of Arragon,"
73,"Taranto was a peninfula ; ; but, after Mahomet the Se-","Taranto was a peninsula; but, after Mahomet the Se-","Taranto was a peninsula; ; but, after Mahomet the Se-"
74,"cond, in the year 1480, had taken Otranto, and it was","cond, in the year 1480, had taken Otranto, and it was","cond, in the year 1480, had taken Otranto, and it was"
75,prefumed that he would arrive with his fleet at Taranto;,"presumed that he would arrive with his fleet at Taranto,",presumed that he would arrive with his fleet at Taranto;
76,Ferdinand commanded that the cape fhouldbe cut through:,Ferdinand commanded that the cape should be cut through.,Ferdinand commanded that the cape shouldbe cut throughs
77,"The work was continued by his fon, Alphonfus; and","The work was continued by his son, Alphonsus ; and","The work was continued by his fon, Alphonsus ; and"
78,"Philip the Second, fon of Charles the Fifth, commanded","Philip the Second, son of Charles the Fifth, commanded","Philip the Second, son of Charles the Fifth, commanded"
79,"the canal to be widened, and rendered navigable. In","the canal to be widened, and rendered navigable. In","the canal to be widened, and rendered navigable. In"
80,"procefs of time, it became dammed up; and the air was","process of time, it became dammed up; and the air was","process of time, it became dammed up; and the air was"
81,"thus rendered very unhealthy : but Don Carlos, the father","thus rendered very unhealthy : but Don Carlos, the father","thus rendered very unhealthy : but Don Catlos, the father"
82,"of the reigning King, that Don Carlos to whom the","of the reigning King, that Don Carlos to whom the","of the reigning King, that Don Carlos to whom the"
83,"Two, Sicilies are fo much indebted, in 1755, with the","Two Sicilies are so much indebted, in 1755, with the","Two Sicilies are so much indebted, in 1755, with the"
84,labour of three years once rnore opened it ; and fince that,labour of three years once more opened it; and since that,labour of three years once more opened it; and since that
85,"time the air of Tatanto is not only healthy but balfamic,",time the air of Tatanto is not only healthy but balsamic.,time the air of Tatanto is not only healthy but balsamic.
86,Vide Delicie Tarentine.,Vide Deliciae Tarentine.,Vide Delicie Tarentine.
87,"Von; TI, , R He",VoL. III.,"Vor. I, R He"
88,CITY of AUGSBURG.,CITY of AUGSBURG.,CITY of AUGSBURG.
89,nageable only by two men: it faves the trouble and danger they had,nageable only by two men: it saves the trouble and danger they had,nageable only by two men: it saves the trouble and danger they had
90,formerly of opening the city gates at night for travellers or couriers; and,formerly of opening the city gates at night for travellers or couriers; and,formerly of opening the city gates at night for travellers or couriers; and
91,"may be made fo, that many at once either horfe or foot may come into","may be made so, that many at once either horse or foot may come into","may be made so, that many at once either horse or foot may come into"
92,the city as well as a fingle perfon. To this end a bridge goes up and,the city as well as a single person. To this end a bridge goes up and,the city as well as a single person. To this end a bridge goes up and
93,"down, and as often as one gate fhuts, another opens with a great noife,","down, and as often as one gate shuts, another opens with a great noise;","down, and as often as one gate shuts, another opens with a great noise;"
94,and nothing can be better contrived for fecurity and conveniency.,and nothing can be better contrived for security and conveniency.,and nothing can be better contrived for security and conveniency.
95,"Another thing worth feeing is the engine, which by means of twenty-","Another thing worth seeing is the engine, which by means of twenty-","Another thing worth seeing is the engine, which by means of twenty-"
96,eight {prings (of which one is brafs) the water is raifed up to three tow-,eight springs (of which one is brass) the water is raised up to three tow-,eight springs (of which one is brass) the water is raised up to three tow-
97,"ers. The fpring-water is brought hither from fome diftance, but the","ers. The spring-water is brought hither from some distance, but the","ers. The spring-water is brought hither from some distance, but the"
98,engine itfelf is worked by the Lecke. From thefe three towers the water,engine itself is worked by the Lecke. From these three towers the water,engine itself is worked by the Lecke. From these three towers the water
99,is conveyed to the houfe of every burgher for thirteen guilders a year.,is conveyed to the house of every burgher for thirteen guilders a year.,is conveyed to the house of every burgher for thirteen guilders a year.
100,"In one of the towers are painted a wild boar and a roe-buck, the former","In one of the towers are painted a wild boar and a roe-buck, the former","In one of the towers are painted a wild boar and a roe-buck, the former"
101,"of which in 1503, and the latter in 1592, were brought into the city","of which in 1503, and the latter in 1592, were brought into the city","of which in 1503, and the latter in 1592, were brought into the city"
102,by the force of the water. This city alfo is not without fine gardens;,by the force of the water. This city also is not without fine gardens;,by the force of the water. This city also is not without fine gardens;
103,"among which, that of Rawner is diftinguifhed for its extent and build-","among which, that of Rauner is distinguished for its extent and build-","among which, that of Rauner is distinguished for its extent and build-"
104,"ings, as that of Rad for its profpect and labyrinth.","ings, as that of Rad for its prospect and labyrinth.","ings, as that of Rad for its prospect and labyrinth."
105,"In the Gulman gardens are fome water-works and fine fhady walks,","In the Gulman gardens are some water-works and fine shady walks,","In the Gulman gardens are some water-works and fine shady walks,"
106,which render it an agreeable retreat in the f{ummer heats. But in water-,which render it an agreeable retreat in the summer heats. But in water-,which render it an agreeable retreat in the summer heats. But in water-
107,"works it is furpaffed by the Schaver gardens, which have alfo a pretty","works it is surpassed by the Schaver gardens, which have also a pretty","works it is surpassed by the Schaver gardens, which have also a pretty"
108,"aviary; its owner is famous for his excellent balfam, of which prince","aviary; its owner is famous for his excellent balsam, of which prince","aviary; its owner is famous for his excellent balsam, of which prince"
109,Eugene ufed to order a large quantity again{t the opening of every-cam-,Eugene used to order a large quantity against the opening of every cam-,Eugene used to order a large quantity against the opening of every -cam-
110,“paign.,paign.,paign.
111,The deliverance of this city from the Bavarian yoke is commemorated,The deliverance of this city from the Bavarian yoke is commemorated,The deliverance of this city from the Bavarian yoke is commemorated
112,by the following medal of the fourth magnitude; on one fide fit two,by the following medal of the fourth magnitude; on one side sit two,by the following medal of the fourth magnitude; on one side sit two
113,women with mural crowns pointing with joy to each other at the broken,women with mural crowns pointing with joy to each other at the broken,women with mural crowns pointing with joy to each other at the broken
114,French chains; their fhields and arms fhew them to be Aug/burg and,French chains; their shields and arms shew them to be Augsburg and,French chains; their shields and arms shew them to be Augsburg and
115,Ulm. Near them the goddefs of victory purfues the enemy acrofs a river.,Ulm. Near them the goddess of victory pursues the enemy across a river.,Ulm. Near them the goddess of victory pursues the enemy across a river.
116,"The infcription is,","The inscription is,","The inscription is,"
117,"Augufla Vindehcorum liberata, Ulma recuperata, bofles ultra Rhenum fu-","Augusta Vindelicorum liberata, Ulma recuperata, bostes ultra Rhenum fu-","Augusta Vindelicorum liberata, Ulma recuperata, boftes ultra Rhenum fu-"
118,galt.,gati.,gat.
119,"‘ Augsburg refcuéd, Ulm reftored, and the enemy drove beyond the","'Augsburg rescued, Ulm restored, and the enemy drove beyond the","Augsburg rescuéd, Ulm restored, and the enemy drove beyond the"
120,© Rhine.,' Rhine.,* Rhine.
121,"Undei neath,","Underneath,","Undeineath,"
122,Tranguillitas Redux. © Tranquility reftored.’,Tranguillitas Redux. 'Tranquility restored.’,Tranguillitas Redux. Tranquility restored.’
123,"On the other fide is the emperor in a Roman military habit, with a","Oa the other side is the emperor in a Roman military habit, with a","Oa the other side is the emperor in a Roman military habit, with a"
124,"woman at his fect, laying a fhield before him, with the Bavar‘an arms.","woman at his sect, laying a shield before him, with the Bavarian arms.","woman at his sect, laying a shield before him, with the Bavarian arms."
125,"Thi infcription is,","The inscription is,","The inscription is,"
126,"Bavaria ad cbfeguiuim redivis,",Bavaria ad obsequium redicns.,Bavaria ad chfequium redicas.
127,‘ Bavaria returning to its allegiance.’,Bavaria returning to its allegiance.’,Bavaria returning to its allegiance.’
128,a And,And,#NAME?
129,300,300,300
130,Of the depreffed State of the Prnpmontese WVobility.,Of the depressed State of the Piedmontese Nobility.,Of the depressed State of the PizDmonTESE Nobility.
131,"been worked off, to be cancelled and reprinted. Is it not a mortification","been worked off, to be cancelled and reprinted. Is it not a mortification","been worked off, to be cancelled and reprinted. Is it not a mortification"
132,"-to the greateft human endowments, that fo great a prince as his Sard-","to the greatest human endowments, that so great a prince as his Sardi-","to the greatest human endowments, that so great a prince as his Sardi-"
133,"nian majetty, fhould be fo infatuated as not to difcern the groffeft flat-","nian majesty, should be so infatuated as not to discern the grossest flat-","nian majesty, should be so infatuated as not to discern the grossest flat-"
134,"tery, or fo intoxicated with power as to be pleafed with it.","tery, or so intoxicated with power as to be pleased with it.","tery, or so intoxicated with power as to be pleased with it."
135,"The above-inentioned ordinances, befides his majefty’s fignature, are","The above-mentioned ordinances, besides his majesty’s signature, are","The above-inentioned ordinances, besides his majesty’s signature, are"
136,"figned by the marquiffes Riccardi, as keeper of the feals, Paina, Mertlla-","signed by the marquisses Riccardi, as keeper of the seals, Palma, Meilla-","signed by the marquisses Riccardi, as keeper of the seals, Pama, Meilla-"
137,rede and Ferrero; but the firft was obliged to put the feal to them before,rede and Ferrero; but the first was obliged to put the seal to them before,rede and Ferrero; but the first was obliged to put the seal to them before
138,"-he had ever read them. He indeed expoftulated for fome time, alledg-","he had ever read them. He indeed expostulated for some time, alledg-","he had ever read them. He indeed expostulated for some time, alledg-"
139,"ing, ‘.that his office required the previous reading of every ordinance,","ing, ' that his office required the previous reading of every ordinance,","ing, that his office required the previous reading of every ordinance,"
140,"adding, ‘ that their contents might be fuch, as required remonftrances to","adding, ' that their contents might be such, as required remonstrances to","adding, * that their contents might be such, as required remonstrances to"
141,"‘ be made againft them.’ The anfwer was, ‘ that by the kii:g’s exprefs","'be made against them.' The answer was, ' that by the king’s express","be made against them.” The answer was, * that by the kinzg’s express"
142,‘ order the acts were to be immediately fign’d and feal’d; that otherwife,'order the acts were to be immediately sign’d and seal’d; that otherwise,order the acts were to be immediately sign’d and seal’d; that otherwise
143,"‘ fomebody elfe fhould do it, upon which Riccardi obey’ ‘d without mak-","'somebody else should do it, upon which Riccardi obey’d without mak-","somebody else should do it, upon which Riccardi obey’ a without mak-"
144,‘ ing any further objection.’,'ing any further objection.’,< ing any further objection.’
145,I fhall conclude with this obfervation concerning the nobility of Pic d-,I shall conclude with this observation concerning the nobility of Pied-,Ithall conclude with this observation concerning the nobility of Pie d-
146,"mont and Savoy, that, like the Englifh and French, perfons of the fame","mont and Savoy, that, like the English and French, persons of the same","mont and Savoy, that, like the English and French, persons of the fame"
147,family affume different titles from their eftates or fiefs; fo that fometimes,family assume different titles from their estates or fiefs; so that sometimes,family assume different titles from their estates or fiefs; so that sometimes
148,hufband and wife dont bear the fame’name. The daughter in law of,husband and wife dont bear the same name. The daughter in law of,hufband and wife dont bear the same name. The daughter in law of
149,the old princefs and widow of Ci/terne is call’d the marchionefs de /a,the old princess and widow of Cisterne is call’d the marchioness de la,the old princess and widow of Cisterne is call’d the marchioness de la
150,"Trouffe, and the lady of her grandfon the prefent prince de Cifferne bears","Trousse, and the lady of her grandson the present prince de Cisterne bears","Trousse, and the lady of her grandson the present prince de Cisterne bears"
151,the title of marchionefs de Voghera; for there is but one perfon of each,the title of marchioness de Voghera; for there is but one person of each,the title of marchioness de Voghera; for there is but one person of each
152,fex in this family call’d by the name of de Ci/ferne. The count de Gouvon's,sex in this family call’d by the name of de Cisterne. The count de Gouvon’s,sex in this family call’d by the name of de Cisterne. The count de Gouvon’s
153,"fon is call’d marquis de Bage, and his grandfon count de Fabrian. ‘This","son is call’d marquis de Bage, and his grandson count de Fabrian. This","son is call’d marquis de Bage, and his grandson count de Fabrian. This"
154,"cuftom has one conveniency, namely, that in a place where many per-","custom has one conveniency, namely, that in a place where many per-","custom has one conveniency, namely, that in a place where many per-"
155,"fons of the fame family refide, there is no need of adding the names of","sons of the same family reside, there is no need of adding the names of","sons of the fame family reside, there is no need of adding the names of"
156,their offices or other circumftances. It is difficult indeed for a foreigner,their offices or other circumstances. It is difficult indeed for a foreigner,their offices or other circumstances. It is difficult indeed for a foreigner
157,to attain to a particular acquaintance with thefe genealogies; fo that it,to attain to a particular acquaintance with these genealogies; so that it,to attain to a particular acquaintance with these genealogies; so’ that it
158,behoves him to be very cautious in his queftions or cenfures concerning,behoves him to be very cautious in his questions or censures concerning,behoves him to be very cautious in his questions or censures concerning
159,"any perfon, as poffibly he may be nearly related to him with whom he","any person, as possibly he may be nearly related to him with whom he","any person, as possibly he may be nearly related to him with whom he"
160,"-is converfing, tho’ he bears a different name.","is conversing, tho’ he bears a different name.","is conversing, tho’ he bears a different name."
161,LETTER,LETTER,LETTER
162,474,474,74
163,"Sxirrox. about three quarters of a year before, a","Skippon. about three quarters of a year before, a","SkipPon. about three quarters of a year before, a"
164,"wv~ mott fad fire, that ruin’d all the houfes,","most sad fire, that ruin’d all the houses,","most sad fire, that ruin’d all the houses,"
165,and many churches. This city belongs to,and many churches. This city belongs to,and many churches. This city belongs to
166,"the archduke of Jn/pruck, who hath be-","the archduke of Inspruck, who hath be-","the archduke of Inspruck, who hath be-"
167,{towed 50000 dollars towards its repair.,stowed 50000 dollars towards its repair.,stowed 50000 dollars towards its repair.
168,The citizens are efteemed rich.,The citizens are esteemed rich.,The citizens are esteemed rich.
169,The great church hath a choir fairly,The great church hath a choir fairly,The great church hath a choir fairly
170,"built of {tone, on the fouth fide whereof","built of stone, on the south side whereof","built of stone, on the south fide whereof"
171,"is written,","is written,","is written,"
172,The great,The great,The great
173,church.,church.,church.
174,O Welt. Aino Dom. Mecccvit: in die Sti:,O Welt. Anno Dom. mccccvII. in die Sti.,O Welt. Anno Dom. mccecvit. in die Sti
175,Stephani protomartyris Patroni bujus eccle-,Stephani protomartyris Patroni bujus eccle-,Stephani protomartyris Patroni bujus eccle-
176,"fie gloriofi inchoatus eft hic chorus, pafi-","siea gloriosi inchoatus est bic chorus, posi-","sea gloriofi inchoatus eft bic chorus, posi-"
177,"tujg, primarius lapis, bujus fundamenti","tusq primarius lapis, bujus fundamenti","tusgs primarius lapis, bujus fundamenti"
178,Colle: > + + atrem &F Dominum : - *,Colle.... atrem & Dominum....,Colle---- atrem & Dominum
179,"""++ reprefentib.",....repraesentib.,*reprafsentib.
180,"There is a bifhop of this place, over","There is a bithop of this place, over","There is a bithop of this place, over"
181,"the door of whofe palace is written,","the door of whose palace is written,","the door of whose palace is written,"
182,Aulam hance & Gotfrido a Weiffeneckh E P,Aulam hanc a Gotfrido a Weisseneckh E P,Aulam hance a Gotfrido a Weisfeneckh EP
183,C A. D. 1345. edificatam fed vetuftate,C A. D. 1345. aedificatam sed vetustate,C A. D. 1345. adificatam fed vetustate
184,fere collaplam reftauravit magna ex,fere collapsam restauravit & magna ex,sere collapsam restauravit & magna ex
185,parte de novo excitavit atq; in elegantio-,parte de novo excitavit atq; in elegantio-,parte de novo excitavit atq; in elegantio-
186,rem formam redegit Urannus & Treirbach.,rem formam redegit Urannus a Treirbach.,rem formam redegit Urannus a Treirbach.
187,"P. Pat. duno Dom, mpvxi111.",P. Pat. Anno Dom. MDLXIIII.,P. Pat. Anno Dom. mp XIII.
188,This place is feated at the meeting of,This place is seated at the meeting of,This place is seated at the meeting of
189,"the river Jz and the Danube, on the weft","the river In and the Danube, on the west","the river In and the Danube, on the west"
190,"fide of the Zz, over which isa bridge that","fide of the In, over which is a bridge that","fide of the In, over which is a bridge that"
191,"leads to a town called Jn/tat, right againft","leads to a town called Instat, right against","leads to a town called Instat, right against"
192,"which, on the other fide of the Danaw,","which, on the other side of the Danaw,","which, on the other side of the Danaw,"
193,"is Iliz(fat, fo called from the river I/tz or","is Iltzstat, so called from the river Iltz or","is liz(tat, so called from the river Itz or"
194,Lfifus. Here there is a caftle on a high,Isissus. Here there is a castle on a high,Aissus. Here there is a castle on a high
195,"hill. From Vil/hoven the hilly fhores, on","hill. From Vilshoven the hilly shores, on","hill. From Vilsboven the hilly shores, on"
196,"both fides, were fhaded with pine woods,","both sides, were shaded with pine woods,","both sides, were shaded with pine woods,"
197,&c. and from Paffaw we obferved the,&c. and from Passaw we observed the,&c. and from Passaw we observed the
198,Danube to have a fwifter ftream than,Danube to have a swifter stream than,Danube to have a swifter stream than
199,"before. We pafs’d by Schuaider/niffell, a","before. We pass’d by Schnaidersnissell, a","before. We pass’d by Schuaidersnifsell, a"
200,houfe built upon a little rock on the right,house built upon a little rock on the right,house built upon a little rock on the right
201,hand; and farther on ftands a rock in the,hand; and farther on stands a rock in the,hand; and farther on stands a rock in the
202,river; with a crofs upon it. Then we,"river, with a cross upon it. Then we","tiver, with a cross upon it. Then we"
203,"went by a caftle on the left fide, and after-","went by a castle on the left fide, and after-","went by a castle on the left fide, and after-"
204,"wards, on the fame hand, feven miles","wards, on the same hand, seven miles","wards, on the same hand, seven miles"
205,"from Paffaw, faw Nayhoufe cattle on a","from Passaw, saw Nayhouse castle on a","from Passaw, saw Nayhouse castle on a"
206,"hill, where fome rufticks that rebelled","hill, where some rusticks that rebelled","hill, where some rusticks that rebelled"
207,"againft the emperor garifoned themfelves,","against the emperor garisoned themselves,","against the emperor garisoned themselves,"
208,and chained up the Dazube. This rebellion,and chained up the Danube. This rebellion,and chained up the Danube. This rebellion
209,was about 34 years ago; the author of,was about 34 years ago; the author of,was about 34 years ago; the author of
210,"it, one Stephanus Fatinger. General Pa-","it, one Stephanus Fatinger. General Pa-","it, one Stephanus Fatinger. General Pa-"
211,"penbeim flew thoufands of them in battle,","penheim slew thousands of them in battle,","penbeim slew thousands of them in battle,"
212,"and difperfed the reft, and the ringleaders","and dispersed the rest, and the ringleaders","and dispersed the rest, and the ringleaders"
213,that were taken punifhed according to,that were taken punished according to,that were taken punished according to
214,their defert. In the evening we came to our,their desert. In the evening we came to our,their desert. In the evening we came to our
215,"lodging at Ach, a pretty {mall village of","lodging at Asch, a pretty small village of","lodging at Asch, a pretty small village of"
216,"the emperor’s, on the right fide of the","the emperor’s, on the right side of the","the emperor’s, on the right side of the"
217,river in the upper Auftria. The people,river in the upper Austria. The people,river in the upper Austria. The people
218,of this country are efteemed very ftout,of this country are esteemed very stout,of this country are esteemed very stout
219,and hardy.,and hardy.,and hardy.
220,"Below this village, for fome diftance,","Below this village, for some distance,","Below this village, for some distance,"
221,there are no hills by the Daxube. ;,there are no hills by the Danube. ,there are no hills by the Danube. ;
222,Ajch is 12 German miles from Vil/hovem,Asch is 12 German miles from Vilshover.,Asch is 12 German miles from Vilshover
223,September 14. Early in the morning we,September 14. Early in the morning we,September 14. Early in the morning we
224,"took boat, and had, on the right hand","took boat, and had, on the right hand","took boat, and had, on the right hand"
225,"of us, a rock called Aons Calvarie, there","of us, a rock called Mons Calvariae, there","of us, a rock called Mons Calvaria, there"
226,A journey thro Part of the,A Journey thro’ Part of the,A Journey thro’ Part o the
227,[ Germ.,[Germ.,[Germ.
228,being a pretty little chapel built upon it.,being a pretty little chapel built upon it.,being a pretty little chapel built upon it.
229,Tereabouts again we began to have hills,Hereabouts again we began to have hills,Hereabouts again we began to have hills
230,"on both fides the river; and, from that","on both sides the river ; and, from that","on both sides the river ; and, from that"
231,"chapel, we obferved fix altars before we.","chapel, we observed six altars before we","chapel, we observed six altars before we"
232,"came four miles from Ach to Lintz, avery Lintz.","came four miles from Asch to Lintz, a very Lintz.","came four miles from Asch to Lintz, a very Linta."
233,"neat handfome city on the right hand,","neat handsome city on the right hand,","neat handsome city on the right hand,"
234,feated on the fide of a hill. The houfes-,seated on the side of a hill. The houses,seated on the side of a hill. The houses
235,"are fairly built of ftone, and have all of","are fairly built of stone, and have all of","are fairly built of stone, and have all of"
236,them flat roofs. The market place is very,them flat roofs. The market place is very,them flat roofs. The market place is very
237,"handfome, being a large fquare piazza,","handsome, being a large square piazza,","handsome, being a large square piazza,"
238,with two fountains in it. The ftreets are,with two fountains in it. The streets are,with two fountains in it. The streets are
239,badly pav’d. On the higheft part of the,badly pav’d. On the highest part of the,badly pav’d. On the highest part of the
240,"town is a fair palace of the emperor’s, Emperor's","town is a fair palace of the emperor’s, Emperor's","town is a fair palace of the emperor’s, Emperors"
241,where there is a pleafant profpect of the palace.,where there is a pleasant prospect of the palace.,where there is a pleasant prospect of the palace.
242,Danube and the adjacent country. On the,Danube and the adjacent country. On the,Danube and the adjacent country. On the
243,"palace-gate is infcrib’d,","palace-gate is inscrib’d,","palace-gate is inscrib’d,"
244,Rudolpbus I. Imp: Caf. P. F. Auguft. Rom.,Rudolphus II. Imp. Caes. P. F. August. Rom.,Rudolphus II. Imp: Caf. P. F. August. Rom.
245,German. Hungar.Boem. zc. Rex Archi-D.,German. Hungar. Boem. zc. Rex Archi-D.,German. Hungar Boem. ze. Rox Archi-D.
246,Aufir. Dux Burgund. xc. Anno MDCIIII.,Austr. Dux Burgund. zc. Anno MDCIIII.,Austr. Dux Burgund. zc. Anno mp cI.
247,"At this city lives the earl of Weiffenwolef,","At this city lives the earl of Weissenwolef,","At this city lives the carl of Weisfenwolef,"
248,"the emperor’s deputy, or Landt/hauffman","the emperor’s deputy, or Landtshauffman","the emperor’s deputy, or Landtsbaussman"
249,"of the upper 4ujfria, the emperor having","of the upper Austria, the emperor having","of the upper Austria, the emperor having"
250,fuch a deputy of governor in every one,such a deputy or governor in every one,such a deputy or governor in every one
251,of his countries.,of his countries.,of his countries.
252,The Jefuits church hath this following e/uies,The Jesuits church hath this following Jesuits,The Jesuits church hath this following yesuits
253,"infcription on a pillar, viz. church.","inscription on a pillar, viz. church.","inscription on a pillar, viz. church."
254,Raris ftellis iftis mors abftulit radios perenniores.,Raris stellis istis mors abstulit radios perenniores.,Rais ftellis iftis mors abftulit radios perenniores.
255,Morare tantifper Viator {5 extinitum medi-,Morare tantisper Viator & extinctum medi-,Morare tantisper Viator & extinctum medi
256,corum fydus fub pariter infignito ad dex-,corum fydus sub pariter insignito ad dex-,corum fydus sub pariter infignito ad dex-
257,"tram marmore venerare, hic eft Fobannes","tram marmore venerare, hic est Johannes","tram marmore venerare, hic eft Johannes"
258,"Gregorius a Glanz, vir evi fui Hippocra-","Gregorius a Glanz, vir avi sui Hippocra-","Gregorius a Glanz, vir avi sui Hippocra-"
259,"tes, trium Auguftorum Ferdinand: III.","tes, trium Augustorum Ferdinandi III.","tes, trium Augustorum Ferdinandi II."
260,"& IV. & Leopoldi magnus Archiater, nec","& IV. & Leopoldi magnus Archiater, nec","& IV. 8 Leopoldi magnus Archiater, nec"
261,"non fuperiori Auftrie a confiliis, Galenus,","non superiori Austriae a consiliis, Galenus,","non fuperiori Austrie a consiliis, Galenus,"
262,"rarus medicus, qui ad fummam arlem","rarus medicus, qui ad summam artem","rarus medicus, qui ad fummam artem"
263,"prope suvenis evafit, ideoqg,; a Cefaree","prope juvenis evasit, ideoq; a Caesareae","prope juvenis evasit, ideoq, a Caesarea"
264,"expetitus aula univerfis confpicuus, in du-","expetitus aula universis conspicuus, in du-","expetitus aula univerfis conspicuus, in du-"
265,"bia falutifg; oracula dabat, dum nonnibil","bia salutisq; oracula dabat, dum nonnihil","bia falutisq; oracula dabat, dum nonnibil"
266,fraétis ex labore viribus eidem vale faciens,fractis ex labore viribus eidem vale faciens,Sractis ex labore viribus eidem vale faciens
267,"mortis invidiam prematurius incurrit, é","mortis invidiam praematurius incurrit, e","mortis invidiam pramaturius incurrit, @"
268,vita ereptus ipfo @tatis XLIV. innuente,vita ereptus ipso aetatis XLIV. innuente,vita ereptus ipso atatis XLIV. innuente
269,"anno, ne per plures felix AG/culapius morti","anno, ne per plures faelix AEsculapius morti","anno, ne per plures felix ABsculapius morti"
270,"pergeret eripere, defecit notte exeunte ut","pergeret eripere, defecit nocte exeunte ut","pergeret eripere, defecit notte exeunte ut"
271,Je fydus probaret ad Auroram evanef-,se sydus probaret ad Auroram evanes-,se fpdus probaret ad Auroram evanes
272,"cens, &F ut mortuum feias feliciter hora","cens, & ut mortuum scias faeliciter hora","cens, & ut mortuum fcias feliciter hora"
273,"noétis illi fecunda fuit, eaq; intra clavam","noctis illi secunda fuit, eaq; intra octavam","noctis illi secunda fuit, eaq; intra oftlavam"
274,Epiphania ; quo crederes! felici fiella duce,Epiphaniae ; quo crederes ! faelici stella duce,Epiphania ; quo crederes ! falici stella duce
275,eum per aliam viam reverfum in regionem,eum per aliam viam reversum in regionem,eum per aliam viam reversum in regionem
276,"fuam, difce Viator quam caduca vite lux","suam, disce Viator quam caduca vitae lux","suam, difce Viator quam caduca vitae lux"
277,"Jit, quando qui eam largiuntur aliis tam","sit, quando qui eam largiuntur aliis tam","Sit, quando qui eam largiuntur aliis tam"
278,"citd occumbunt, hefternus Dies illum rapuit,","cito occumbunt, besternus Dies illum rapuit,","cito occumbunt, besternus Dies illum rapuit,"
279,te craftinus perftolatur abi &F veni; Mefa,te crastinus perstolatur abi & veni ; Maesta,te craftinus perstolatur abi & veni ; Mesta
280,conjux &F 1v Filii P P.,conjux & IV Filii P P.,conjux & 1v Filis PP.
281,"Nigh a hill we faw at a diftance, is","Nigh a hill we saw at a distance, is","Nigh a hill we saw at a distance, is"
282,great quantity of falc made of falt fpring,great quantity of salt made of salt spring,great quantity of salt made of salt spring
283,"waters, at Munchen in Auftria, which is","waters, at Munchen in Austria, which is","waters, at Munchen in Austria, which is"
284,"carried up.the river to Ratisbon, &c.","carried up the river to Ratishon, &c.","carried up the river to Ratishon, &c."
285,"After we had feen Lintz, we took boat","After we had seen Lintz, we took boat","After we had seen Lintz, we took boat"
286,"again, and went under the wooden bridge","again, and went under the wooden bridge","again, and went under the wooden bridge"
287,"here, that hath about 22 arches ; and fome","here, that hath about 22 arches ; and some","here, that hath about 22 arches ; and some"
288,diftance,distance,distance
289,"-Ttaly.] Low-Countries, Germany, Italy, aid France.","Italy.] Low-Countries, Germany, Italy, and France.","Iialy.) Low-Countries, Germany, Italy, and France."
290,A fellow,A fellow,A fellow
291,Pitren by a,bitten by a,bitten ty a
292,Faraniula,Tarantula,Faranulas
293,"§, Clara.",S. Clara.,8 Clara.
294,Forre di,Torre di,Forre di
295,§. Vincen-,S.Vincen-,S.Vincen-
296,tt.,te.,te.
297,The Are-,The Arse-,The Ar/e-
298,"nat,",nal.,nat.
299,"In a nobleman’s palace, I faw a fellow","In a nobleman’s palace, I saw a fellow","In a nobleman’s palace, I saw a fellow"
300,who was bitten by a tarantula; he dan-,who was bitten by a tarantula; he dan-,who was bitten by a tarantula; he dan-
301,"écd very antickly, with naked {words, to","ced very antickly, with naked swords, to","ced very antickly, with naked swords, to"
302,a tune played on an inftrument: They,a tune played on an instrument: They,a tune played on an instrument: They
303,"fay, if the fpider be prefently killed, no","say, if the spider be presently killed, no","say, if the spider be presently killed, no"
304,fuch effests will appear ; but as long as,such effects will appear ; but as long as,such estects will appear ; but as long as
305,"it livés, the perfon bitten is fubject to","it lives, the person bitten is subject to","it lives, the person bitten is subject to"
306,"thefe paroxyfms, and when it dies he is","these paroxysms, and when it dies he is","these paroxysms, and when it dies he is"
307,free. Ufually they are the poorer fort,free. Usually they are the poorer sort,free. Usually they are the poorer sort
308,"of people that fay they are bitten, and","of people that say they are bitten, and","of people that say they are bitten, and"
309,they beg money while they are in thefe,they beg money while they are in these,they beg money while they are in these
310,"dancing fits; which makes fome think,","dancing fits; which makes some think,","dancing fits; which makes some think,"
311,that the many {tories of the bites of the,that the many stories of the bites of the,that the many stories of the bites of the
312,tarantula are not true.,tarantula are not true.,tarantula are not true.
313,Near the Seggio di Nidois an old ftone,Near the Seggio di Nide is an old stone,Near the Seggio di Nide is an old stone
314,thus infcribed.,thus inscribed.,thus inscribed.
315,POSTVMNS,POSTVMNS,POSTVMNS
316,LAMPADIVS,LAMPADIVS,LAMPADIVS
317,VC CONS CAMP,VC CONS CAMP,vC CONS CAMP
318,CVRAVIT.,CVRAVIT.,CVRAVIT.
319,"8. Clara is a large old church, built by","S. Clara is a large old church, built by","5. Clara is a large old church, built by"
320,queen Foane ; the Francifcans Minoris ob-,queen Joane ; the Franciscans Minoris ob-,queen Joane ; the Franciscans Minoris ob-
321,jerv. have a cloifter here ; behind the high,serv. have a cloister here ; behind the high,serv. have a cloister here ; behind the high
322,altar is king Robert's ftately monument.,altar is king Robert’s stately monument.,altar is king Robert’s stately monument.
323,In the fame church isa fair old tomb of,In the same church is a fair old tomb of,In the same church is a fair old tomb of
324,"an emprefs, with this infcription.","an empress, with this inscription.","an empress, with this inscription."
325,Hic jacet corpus illufris Due. Dne. Maria,Hic jacet corpus illustris Dnae. Duae. Mariae,Hic jacet torpus illuftris Due. Due. Maria
326,de Francis Imperatricis Conftantinopoli-,de Francis Imperatricis Constantinopoli-,de Francis Imperatricis Conftantinopoli-
327,tane Duciffe Duracit. hac obtit anno,tanae Ducissae Duracii. haec obiit anno,tan Ducisfe Duracii. hac obiit anno
328,MGCCLXVI. die xx1x. menfis Mait. cttjus,MCCCLXVI. die XXIX. mensis Maii. cujus,MoccLXvI. die xx1x. mensis Mais. cu:jus
329,anima requiefcat in pace.,anima requiescat in pace.,anima requiescat in pace.
330,"Jorre di S. Vincente is near the fhore,","Torre di S. Vincente is near the shore,","Torre di S. Vincente is near the shore,"
331,and is a place for difobedient children.,and is a place for disobedient children.,and is a place for disobedient children.
332,"The arfenal hath, 16 long arches fair-",The arsenal hath 16 long arches fair-,The arsenal hath 16 long arches fair-
333,"ly built, for to build and preferve galleys","ly built, for to build and preserve galleys","ly built, for to build and preserve galleys"
334,"in; five galleys, and one hofpital galley at","in; five galleys, and one hospital galley at","in; five galleys, and one hospital galley at"
335,Naples : every night there is good mufick,Naples : every night there is good musick,Naples every night there is good musick
336,founded by the flaves.,sounded by the slaves.,sounded by the slaves.
337,We vifited Dr. Tho. Cornelius of Cofen-,We visited Dr. Tho. Cornelius of Cosen-,We visited Dr. Tho. Cornelius of Cosen-
338,"zain Calabria, the author of Progymna/-","za in Calabria, the author of Progymnas-","za in Calabria, the author of Prog ymnas-"
339,mata; he is profeffor of mathematicks,mata ; he is professor of mathematicks,mata ; he is professor of mathematicks
340,"and phifick, and a great admirer of Car-","and physick, and a great admirer of Car-","and phy sick, and a great admirer of Car-"
341,"tefius, and the new philofophers.","tesius, and the new philosophers.","tesins, and the new philosophers."
342,"At the marquifs of Arena’s palace, 29","At the marquiss of Arena’s palace, 29","At the marquiss of Arena’s palace, 29"
343,"Fune, we were introduced into the room","June, we were introduced into the room","June, we were introduced into the room"
344,whete the Academict Inveftiganies meet,where the Academici Investigantes meet,where the Academici Investigantes meet
345,"every Wednefday in the afternoon, when","every Wednesday in the afternoon, when","every Wednesday in the afternoon, when"
346,we obferved about 60 perfons prefent.,we observed about 60 persons present.,we observed about 60 persons present.
347,"They difcourfed about feveral things,","They discoursed about several things,","They discoursed about several things,"
348,and brought in the experiment of water,and brought in the experiment of water,and brought in the experiment of water
349,"afcending in glafs tubuli, or {mall pipes ;","ascending in glass tubuli, or small pipes;","ascending in glass tubuli, or small pipes;"
350,"which they reafoned upon. After that,","which they reasoned upon. After that,","which they reasoned upon. After that,"
351,Leonardus &@ Capua difcourfed about heat,Leonardus a Capua discoursed about heat,Leonardus a Capua discoursed about heat
352,and céld ; then Lucas Anton. Portius fear-,and cold ; then Lucas Anton. Portius seat-,and celd ; then Lucas Anton. Portius seat-
353,"ed himfelf in a chair, atthe upper end","ed himself in a chair, at the upper end","cd himself in a chair, at the upper end"
354,"of the room, and read a difcourfe on the","of the room, and read a discourse on the","of the room, and read a discourse on the"
355,fame fubJeé& ; and when the company was,same subject ; and when the company was,same sublect ; and when the company was
356,"pleafed with any thing, they cried dene.","pleased with any thing, they cried bene.","pleased with any thing, they cried bene."
357,"(Note, none but thofe who are Academi-","(Note, none but those who are Academi-","(Note, none but those who are Academi-"
358,"ci may read in the chair.) This done,","ci may read in the chair.) This done,","ci may read in the chair.) This done,"
359,607,607,607
360,"Caramuel, a fryar of the, Benedjttin or Sxnres:","Caramuel, a fryar of the Benedictin or Skippon.","Caramuel, a fryar of the Benedjctin or Ssippon."
361,"der, profeffor in Sa/amanca, and bifhop","der, professor in Salamanca, and bishop","der, professor in Salamanca, and bishop"
362,"of Campania, in elegant Latin, an{wered","of Campania, in elegant Latin, answered","of Campania, in elegant Latin, answered"
363,"extempore the affertions of Franci/cus, ab",extempore the assertions of Franciscus ab,extempore the assertions of Franciscus ab
364,"Andrea, who mott ingenioufly defended","Andrea, who most ingeniously defended","Andrea, who most ingeniously defended"
365,"the lord Verulam’s opinion, that it is","the lord Verulam’s opinion, that it is","the lord Verulam’s opinion, that it is"
366,"poffible for a man to live ever, if he can","possible for a man to live ever, if he can","possible for a man to live ever, if he can"
367,keep himfelf in one and the fame condi-,keep himself in one and the same condi-,keep himself in one and the fame condi-
368,tion of health. The marquifs of Arend,tion of health. The marquiss of Arena,tion of health. The marquiss of Arena
369,moderated with great ingenuity and un-,moderated with great ingenuity and un-,moderated with great ingenuity and un-
370,derftanding ; and he was particularly ci-,derstanding ; and he was particularly ci,derstanding ; and he was particularly ci
371,vilto us. . There are about 14. Academia,vil to us. There are about 14 Academi-,vil to us. There are about 14 Academia
372,"ci, viz. 1.11 Marchefe @ Arena, 2, Tho-","ci, viz. I. Il Marchese d' Arena, 2. Tho-","ciy viz. 1. It Marchese @ Arena, 2. Tho-"
373,mafo Coruelio. 3. Foannes Caramuel. 4.,maso Cornelio. 3. Joannes Caramuel. 4.,maso Cornelio. 3. Foannes Caramuel. 4.
374,Leon. 4 Capua. 5. D. Mich. Gentitii. 6.,Leon. a Capua. 5. D. Mich. Gentitii. 6.,Leon. a Capua. 5. D. Mich. Gentitii. 6.
375,Fra. ab Andrea. 4. fanuarius ab Andrea.,Fra. ab Andrea. 7. Januarius ab Andrea.,Fra. ab Andrea. 7. Januarius ab Andrea.
376,"8. Foan. Bapt. Capuccius, 9. D. Fofeph","8. Joan. Bapt. Capuccius, 9. D. Joseph","8. Joan. Bapt. Capuccius, 9. D. Joseph"
377,Medices Princeps Ocfaviant. to. Lucas,Medices Princeps Octaviani. 10. Lucas,Medices Princeps Octaviani. 10. Lucas
378,"Ant. Portius, 11. Dominicus Scutane, a","Ant. Portius, 11. Dominicus Scutano, a","Ant. Portius, 11. Dominicus Seutano, a"
379,"young man, but very learned for his","young man, but very learned for his","young man, but very learned for his"
380,years. 12. Prancifcus Rofi. 13. D.Do-,years. 12. Franciscus Rosti. 13. D. Do-,years. 12. Franciscus Rosti. 13. D. Do-
381,minicus Emanuel Cirffi. 14. Salvator dca-,minicus Emanuel Cirffi. 14. Salvator sca,minicus Emanuel Cirsh. 14. Salvator sca
382,tione.,tione.,tione.
383,‘They complained to us of the inquifi-,They complained to us of the inquisi-,They complained to us of the inquisi-
384,"tion, and their clergymens oppofition to","tion, and their clergymens opposition to","tion, and their clergymens opposition to"
385,the new philofophy ; and of the difficulty,the new philosophy ; and of the difficulty,the new philosophy ; and of the difficulty
386,they met with in getting books out of,they met with in getting books out of,they met with in getting books out of
387,"England, Holland, &c.","England, Holland, &c.","England, Holland, &c."
388,fore,fore,fore
389,"Cor/o in the chief ftreets, feveral carts-go","Corso in the chief streets, several carts go","Corso in the chief streets, several carts go"
390,"With large veffels of water, that runs","with large vessels of water, that runs","with large vessels of water, that runs"
391,"out behind, and on each fide, té lay the","out behind, and on each side, to lay the","out behind, and on each side, tc lay the"
392,duft. We have already touched upon,dust. We have already touched upon,dust. We have already touched upon
393,fome other of their cuttoms.,some other of their customs.,some other of their customs.
394,"The Spanifh foldiers keep guard, five","The Spanish soldiers keep guard, five","The Spanish soldiers keep guard, five"
395,"and fix in a company, up and down the","and six in a company, up and down the","and six in a company, up and down the"
396,ftreets. At the further end of the mole,streets. At the further end of the mole,streets. At the further end of the mole
397,the Neapolitans have a guard.,the Neapolitans have a guard.,the Neapolitans have a guard.
398,"There is a marquits, that dwells in",There is a marquiss that dwells in,There is a marquis that dwells in
399,"Naples, who was formetly a butcher.","Naples, who was formerly a butcher.","Naples, who was formerly a butcher."
400,"Six troops of horfemen, moft Burgun-","Six troops of horsemen, most Burgun-","Six troops of horsemen, most Burgun-"
401,"dians and Germans, quarter in this city,","dians and Germans, quarter in this city,","dians and Germans, quarter in this city,"
402,"and guard by turns, every night a troop ;","and guard by turns, every night a troop ;","and guard by turns, every night a troop ;"
403,an Englifbman is one of their trumpeters.,an Englishman is one of their trumpeters.,an Englisoman is one of their trumpeters.
404,Spanifh captains are known by their {mak,Spanish captains are known by their small,Spanish captains are known by their small
405,"canes tipt with filver, and the enfigns by","canes tipt with silver, and the ensigns by","canes tipt with silver, and the ensigns by"
406,their leading ftaves trimmed with rib-,their leading staves trimmed with rib-,their leading staves trimmed with rib-
407,bands.,bands.,bands.
408,Mafanello’s wife isnow acommon whore;,"Masanello’s wife is now a common whore,","Masanello’s wife isnow acommon whore,"
409,his brother and fifter are {till in prifon.,his brother and sister are still in prison.,his brother and sister are still in prison.
410,The Neapolitan noblemen and citizens,The Neapolitan noblemen and citizens,The Neapolitan noblemen and citizens
411,"fit and chat together, in the doors, in the","sit and chat together, in the doors, in the","sit and chat together, in the doors, in the"
412,frefco of the day. é,fresco of the day.,fresco of the day.
413,The cainpanile of the Carmelites makes,The campanile of the Carmelites makes,The campanile of the Carmelites makes
414,a tall and fair fhew to the feaward.,a tall and fair shew to the seaward.,a tall and fair shew to the seaward.
415,The following is an account of the ci-,The following is an account of the ci-,The following is an account of the ci-
416,"ty and kingdom of Naples, taken dut of","ty and kingdom of Naples, taken out of","ty and kingdom of Naples, taken dut of"
417,Beltrano.,Beltrano.,Beltrano.
418,"In Naples are thefe monalteries, with","In Naples are these monasteries, with","In Naples are these monalteries, with"
419,"their number Of fryars, €%c. viz.","their number of fryars, &c. viz.","their number of fryars, &c. viz."
420,i>,17,i
421,/,/,/
422,"At Naples, every fummer evening, be- c/a.","At Naples, every summer evening, be- customs","At Naples, every summer evening, be- custom"
423,the noblemens coaches make the &c.,the noblemens coaches make the &c.,the noblemens coaches make the &c.
424,"Italy.| Low-Countries, Germany, Italy, and France.","Italy] Low-Countries, Germany, Italy, and France.","Italy) Low-Countries, Germany, Italy, and France."
425,medies here are not fo ob{cene as at Ves,medies here are not so obscene as at Ve-,medies here are not so obscene as at Ve-
426,nice. Natty {pitting out of the boxes,nice. Nasty spitting out of the boxes,nice. Nasty spitting out of the boxes
427,upon the people in the pit.,upon the people in the pit.,upon the people in the pit.
428,"Cardinal _ Fan, 12. At Chiefa Nova di S. Philip-",Cardinal Jan. 12. At Chiesa Nova di S. Philip-,Cardinal Fan. 12. At Chiesa Nova di S. Philip-
429,"pence po Nerio, cardinal Aldobrandini’s dead","Aldobran- po Nerio, cardinal Aldobrandini’s dead","eo tse po Nerio, cardinal Aldobrandini’s dead"
430,ini dying ji - ‘,dini lying,ini lying a :
431,in fate in DOdy was expofed to. publick view in the,in state in body was exposed to publick view in the,in siase mn Ody was exposed to publick view in the
432,Chie middle of the church. His face was na-,Chiesa middle of the church. His face was na-,Chis middle of the church. His face was na-
433,"Nova. ked, and his cap laid on his fect ; two","Nova. ked, and his cap laid on his feet ; two","Novi. ked, and his cap laid on his feet ; two"
434,"perfons on each fide held banners, and","persons on each side held banners, and","persons on each side held banners, and"
435,in each fide the nave of the church was,in each side the nave of the church was,in each side the nave of the church was
436,a row of lighted torches ; the church,a row of lighted torches ; the church,a row of lighted torches ; the church
437,"was hung round with mourning, and an","was hung round with mourning, and an","was hung round with mourning, and an"
438,innumerable number of efcutcheons. ‘The,innumerable number of escutcheons. The,innumerable number of escutcheons. The
439,"cardinals were prefent at even-fong, and","cardinals were present at even-song, and","cardinals were present at even-song, and"
440,fat nigh the high altar; one always,sat nigh the high altar; one always,sat nigh the high altar; one always
441,gave the cardinals a fign when to ftand,gave the cardinals a sign when to stand,gave the cardinals a sign when to stand
442,"up, and when to kneel.","up, and when to kneel.","up, and when to kneel."
443,About this time four perfons in one,About this time four persons in one,About this time four persons in one
444,family were poifon’d at Rome.,family were poison’d at Rome.,family were poison’d at Rome.
445,"fick. An- We vifited Michael Angelo Ricci, a","Mich. An- We visited Michael Angelo Ricci, a","sich An- We visited Michael Angelo Ricci, a"
446,"gcoRic- Jearned prieft, and were civilly enter-","gelo Ric learned priest, and were civilly enter-","geloRic learned priest, and were civilly enter-"
447,oe tained by him; his library is ftored with,ci. tained by him; his library is stored with,es tained by him; his library is stored with
448,"feleé&t books, among which all mathe-","select books, among which all mathe-","select books, among which all mathe-"
449,matical authors; he is efteemed a good,matical authors ; he is esteemed a good,matical authors ; he is esteemed a good
450,mathematician: He told us fomewhat of,mathematician: He told us somewhat of,mathematician: He told us somewhat of
451,his would be printed at Florence. He,his would be printed at Florence. He,his would be printed at Florence. He
452,"was {cholar to Yorricelfius, and hath great","was scholar to Torricellius, and hath great","was scholar to Torriceltius, and hath great"
453,corre{pondence and friendfhip with learn-,correspondence and friendship with learn-,correspondence and friendship with learn-
454,ed men. He fhewed us an Italian com-,ed men. He shewed us an Italian com-,ed men. He shewed us an Italian com-
455,"mentary on a Latin Virgil, done by one","mentary on a Latin Virgil, done by one","mentary on a Latin Virgil, done by one"
456,"Venuta.  Afironontia reftituta, by. one","Venuta. Astronomia restituta, by one","Venuta. Astronomia restituta, by, one"
457,Levera a Roman. S. Ambrofe and S.,Levera a Roman. S. Ambrose and S.,Levera a Roman. S. Ambrose and S.
458,"Augufiine, printed at Bafil by Amber-","Augustine, printed at Basil by Amber-","Augustine, printed at Basi by Amber-"
459,bachius 1492. He told us one Father,bachius 1492. He told us one Father,bachius 1492. He told us one Father
460,Raynaltus an oratorian at the Chiefa No-,Raynaltus an oratorian at the Chiesa No-,Raynaltus an oratorian at the Chiesa No-
461,"‘vay is a learned hittorian, and has in fe-","va, is a learned historian, and has in se-","va, is a learned historian, and has in se-"
462,veral volumes continued Baronius’s an+,veral volumes continued Baronius’s an-,veral volumes continued Baronius’s an-
463,"nals, He gave us a recommendatory",nals. He gave us a recommendatory,nals. He gave us a recommendatory
464,Jetter to Father Honoratus Fabri a French,letter to Father Honoratus Fabri a French,letter to Father Honoratus Fabri a French
465,"Jetuit, one of the penitentiaries at S.","Jesuit, one of the penitentiaries at S.","Jesuit, one of the penitentiaries at S."
466,"Peter's, eftcemed more Jearned than Kir-","Peter’s, esteemed more learned than Kir-","Peter’s, esteemed more learned than Kir-"
467,ober.,ober.,ober.
468,. Giovanni Pietro Bellori is a skilful an-,Giovanni Pietro Bellori is a skilful an-,Giovanni Pietro Bellori is a skilful an-
469,"tiquary, whom we vifited, and faw in","tiquary, whom we visited, and saw in","tiquary, whom we visited, and saw in"
470,his mufum thefe particulars; a head,his musaeum these particulars ; a head,his museum these particulars ; a head
471,"drawn by Zitian, and two other heads,","drawn by Titian, and two other heads,","drawn by Titian, and two other heads,"
472,one by ZinéForet; 'and ‘the other by Cz-,"one by Tinctoret, and the other by Ca-","one by Tinétoret, and the other by Ca-"
473,ruaggio. A little dog by Vandyke. 'The,ruaggio. A little dog by Vandyke. The,ruaggio. A little dog by Vandyke. The
474,"figure of a man ahd woman fitting, a","figure of a man and woman sitting, a","figure of a man ahd woman sitting, a"
475,baffo relievo piece in the ancients. Creta.,basso relievo piece in the ancients Creta.,basso relievo piece in the ancients Creta.
476,"A Quadriga running in the Circus, and","A Luadriga running in the Circus, and","A Quedriga running in the Circus, and"
477,"the. chariot overthrown, with a man Ja-","the chariot overthrown, with a man la-","the chariot overthrown, with a man la-"
478,"menting ftandiig by it, are.in two relievo","menting standing by it, are in two relievo","menting standing by it, are in two relievo"
479,pieces of the dame Creta. This infcrip-,pieces of the same Creta. This inscrip-,pieces of the same Creta. This inscrip-
480,"tion.on them, unia Arefoe. | In this","tion on them, Annie Aresoe. In this","tion on them, Annie Aresoe. In this"
481,antiquity weobferved the driver’s being,antiquity we observed the driver’s being,antiquity we observed the driver’s being
482,girc with cord feveral times about the,girt with cord several times about the,girt with cord several times about the
483,"with; the Ova Gajtoris, c:on the Ate,","waist; the Ova Castoris, &c. on the Metae,","waist; the Ova Castoris, 8c. on the Met,"
484,"the dolphins onuthe temple of: Neptune,","the dolphins on the temple of Neptune,","the dolphins on the temple of Neptune,"
485,"the running round the Mete, which ex-","the running round the Metae, which ex","the running round the Meta, which ex"
486,"plained that in’ Gorace, Metaq; fervidts","plained that in Horace, Metaq; fervidis","phined that in Horace, Metaq; fervitis"
487,extitata votis: ANitele brals veffel thap’d,excitata rotis; A little brass vessel shap’d,extitata rotis; Alittle brals vessel shap’d
488,ito the head of: fs; in which they,"into the head of Isis, in which they","into the head of Isis, in which they"
489,brought water tothe facrifiee.” A large,brought water to the sacrifice. A large,brought water to the sacrifice.” A large
490,"2iMe,. VI.",VOL. VI.,Ne. VI.
491,Giovanni,Giovanni,Giovanni
492,Pietro,Pietro,Pietro
493,Bellori.,Bellori.,Bellori.
494,681,681,681
495,veffel of earth painted after the manner S«irron.,vessel of earth painted after the manner Skippon.,vesscl of earth painted after the manner Swinvon.
496,"the Greeks call Monecroma, there being “V™","the Greeks call Monocroma, there being","the Greeks call Monocroma, there being"
497,"no fhadows, and only one colour, and","no shadows, and only one colour, and","no shadows, and only one colour, and"
498,fimple lines. Many fuch veffels were,simple lines. Many such vessels were,simple lines. Many such vessels were
499,"found about Surrentum, nigh Naples.","found about Surrentum, nigh Naples.","found about Surrentum, nigh Naples."
500,This was pictured round with the old,This was pictured round with the old,This was pictured round with the old
501,manner of being ferved at the baths. See,manner of being served at the baths. See,manner of being served at the baths. See
502,Bellori’s defcription of it in his Note delle,Bellori’s description of it in his Note delle,Bellors’s description of it in his Note delte
503,"mufet, €e. An Aroftolium fhap’d like","musei, &c. An Arostolium shap’d like","musei, &c. An Arostotium shap’d like"
504,that on the baffo relievo at S. Laurence’s,that on the basso relievo at S. Laurence’s,that on the basso relievo at S. Laurence’s
505,church. A brafs Strigil thus fhap’d.,church. A brass Strigil thus shap’d.,church. A brass Strigit thus shap’d.
506,A Patera dedicata wrought towards,A Patera dedicata wrought towards,A Patera dedicata wrought towards
507,"the bottom. A Patera, wherein were","the bottom. A Patera, wherein were","the bottom. A Patera, wherein were"
508,"engraven figures of men, and in Greek","engraven figures of men, and in Greek","engraven figures of men, and in Greek"
509,characters was written Mercurius €8,characters was written Mercurius &,characters was written Mercurius
510,Alexentrom. A brais ring with a medal,Alexentrom. A brass ring with a medal,Alexentrom. A brass ring with a medal
511,"Cinfcrib’d Lene me ne fugiam, €c.) that","(inscrib’d Tene me ne fugiam, &c.) that","(inscrib’d Tene me ne fugiam, &c) that"
512,hung about a flave’s neck. A marble re-,hung about a slave’s neck. A marble re-,hung about a slave’s neck. A marble re-
513,"lievo with Si/vanus, having a falx in his","lievo with Silvanus, having a falx in his","lievo with Sitvanus, having a falx in his"
514,"right hand, and a pine branch jn his","right hand, and a pine branch in his","right hand, and a pine branch in his"
515,"lett, &¢. defcribed in Cafalins, and To-","left, &c. described in Casalius, and To-","left, &c. described in Casatins, and To-"
516,"mafinus de Donariis, c. 26. A Meda-","masinus de Donariis, c. 26. A Meda-","masinus de Donariis, c. 260 A Meda-"
517,glion (brats) of Caligula. Several facri-,glion (brass) of Caligula. Several sacri-,glion (brass) of Caligula. Several sacri-
518,ficing inftruments preferved very entire.,ficing instruments preserved very entire.,ficing instruments preserved very entire.
519,"A Prafericulum of metal, having two","A Praefericulum of metal, having two","A Prafericulum of metal, having two"
520,"inakes made into the handle, which was","shakes made into the handle, which was","shakes made into the handle, which was"
521,probably ufed in facrifices either to,probably used in sacrifices either to,probably used in sacrifices either to
522,Apollo or Afculapius. A Prefericulum,Apollo or AEsculapius. A Praefericulum,Apollo or Aifculapius. A Prafericulum
523,"curioufly varnifhed with green, A piece",curiously varnished with green. A piece,curiously varnished with green. A piece
524,of cryftal cut into eight angles; on the,"of crystal cut into eight angles, on the","of crystal cut into eight angles, on the"
525,upper part of it were hieroglyphical,upper part of it were hieroglyphical,upper part of it were hieroglyphical
526,"figures, and below them 4 gyptian .chae","figures, and below them A AEgyptian cha-","figures, and below them A gyptian cha-"
527,racters. A Patera for the blood. A,racters. A Patera for the blood. A,racters. A Patera for the blood. A
528,"brafs fpoon to take up incenfe withal,","brass spoon to take up incense withal,","brass spoon to take up incense withal,"
529,"made thus,","made thus,","made thus,"
530,"A little brafs figure of Hercules, and","A little brass figure of Hercules, and","A little brass figure of Hercules, and"
531,another of Fupiter. ‘Two imall figures,another of Jupiter. Two small figures,another of Jupiter. Two small figures
532,"af Lidfores. in» brafs, having) their gar»","of Lictores in brass, having their gar-","of Lictores in brass, having their gar-"
533,ments faftened to the right fhoulder with,ments fastened to the right shoulder with,ments fastened to the right shoulder with
534,a Fibula ; in their left hand they carried,a Fibula ; in their left hand they carried,a Fibula ; in their left hand they carried
535,the Fafces. A dmall brafsfigureof For-,the Fasces. A small brass figure of For-,the Fasces. A small brass figure of For-
536,"rand, with along Zrabalis imcher tight","tuna, with a long Trabalis in her right","tuna, with a long Trabalis inher tight"
537,"hand, anda Corvucopia in her teft 5 this","hand, and a Cornucopiae in her left ; this","hand, and a Coruucopiae in her left ; this"
538,"explains that in Horace, Sava neceffitas","explains that in Horace, Saeva necessitas","explains that in Horace, Sava necesfitas"
539,clavo trabali. A fhield of brafs broader,clavo trabali. A shield of brass broader,clavo trabali. A shield of brass broader
540,"than a man’s hand, whereon was the","than a man’s hand, whereon was the","than a man’s hand, wherecon was the"
541,"head of Bacchus in relievo, having his","head of Bacchus in relievo, having his","head of Bacchus in relievo, having his"
542,"forehead bound with a Fa/cia, and two","forehead bound with a Fascia, and two","forchead bound with a Fascia, and two"
543,rotes fix’d on it againft drunkennefs and,roses fix’d on it against drunkenness and,roses fix’d on it against drunkenness and
544,a crown of vine-leaves on his head ; on,a crown of vine-leaves on his head ; on,a crown of vine-leaves on his head ; on
545,"the right fide of him was a ‘Patera, aid","the right side of him was a Patera, and","the right side of him was a Patera, and"
546,oiwthe lefta Phallus. A brats arimilia,oh the left a Phallus. A brass armilla,oh the left a Phallus. A brass armilla
547,"worn by the ancient chriftians, having a","worn by the ancient christians, having a","worn by the ancient christians, having a"
548,cro{s on it. siAsmarble ftone made with,cross on it. A marble stone made with,cross on it. A marble stone made with
549,"five perforated Radii, called by Pliny","five perforated Radii, called by Pliny","sive perforated Radii, called by Pliny"
550,8.L Lych-,8L Lych-,sL Lych-